{"config": {"model_params": {"nhid": 512, "nlayers": 12, "nhead": 3, "dropout": 0.1}, "training_params": {"N_EPOCHS": 30, "USE_GPU": true, "PRINT_EVERY_BATCHES": 40, "lr": 0.0001, "BATCH_SIZE": 4, "LOG_TRAIN_LOSS_EVERY_BATCHES": 100}, "data": {"training_file": "training_70.hdf5", "train_val_split": "train_val_split_70_15pct.pkl"}}, "epoch_0": {"avg_train_loss": 40.283863218460226, "avg_val_loss": 39.411110389363635, "avg_test_loss": 40.45871450962164, "train_losses": [45.374671936035156, 38.92140197753906, 28.512645721435547, 34.22415542602539, 23.17325782775879, 42.58702850341797, 47.88594055175781, 51.92918014526367, 30.73529624938965, 41.866844177246094, 32.866119384765625, 35.61431121826172, 49.481910705566406, 58.115909576416016, 34.50767135620117, 54.360198974609375, 38.90407180786133, 25.072738647460938, 27.359840393066406, 36.27711486816406, 38.407958984375, 38.576175689697266, 47.13626480102539, 35.51449966430664, 51.804317474365234, 19.50922393798828, 42.233009338378906, 30.246402740478516, 33.953208923339844, 39.759552001953125, 50.294639587402344, 49.31572723388672, 35.53488540649414, 45.265289306640625, 24.552738189697266, 40.65066909790039, 28.897253036499023, 40.87147521972656, 40.977928161621094, 40.54914093017578, 40.313262939453125, 32.01045227050781, 25.864471435546875, 26.53873062133789, 32.87418746948242, 75.8976058959961, 34.15498352050781, 23.90599250793457, 38.91597366333008, 35.49342346191406, 49.024497985839844, 40.42121124267578, 36.17323303222656, 47.92892837524414, 30.5288143157959, 39.22783660888672, 28.091413497924805, 27.9013671875, 38.241798400878906, 33.31132125854492, 38.76519775390625, 39.71002960205078, 36.82925033569336, 34.241390228271484, 35.6298942565918, 58.93244934082031]}, "epoch_1": {"avg_train_loss": 39.98030848272855, "avg_val_loss": 39.28150361710852, "avg_test_loss": 39.870756198198364, "train_losses": [30.64067840576172, 37.424407958984375, 44.68668746948242, 33.4055290222168, 38.426456451416016, 39.67559051513672, 38.15966033935547, 45.546478271484375, 36.79341506958008, 51.547264099121094, 36.32293701171875, 46.03084182739258, 39.43747329711914, 31.985679626464844, 38.342769622802734, 47.90272903442383, 34.565223693847656, 36.19864273071289, 45.6007080078125, 30.629798889160156, 32.96783447265625, 48.22004699707031, 48.35773468017578, 33.37590789794922, 29.02012825012207, 40.73464584350586, 56.95085144042969, 34.470863342285156, 35.23091125488281, 44.517494201660156, 30.40301513671875, 33.61228561401367, 35.7736930847168, 45.038631439208984, 47.78557205200195, 39.359310150146484, 21.890928268432617, 46.39161682128906, 35.92488098144531, 36.06538772583008, 37.64885330200195, 37.23844909667969, 36.494728088378906, 29.95343780517578, 44.35713577270508, 34.847476959228516, 36.960304260253906, 28.266759872436523, 47.903282165527344, 53.268001556396484, 36.421539306640625, 38.65077590942383, 51.62236785888672, 34.308040618896484, 29.856056213378906, 29.605106353759766, 63.45896530151367, 25.14664077758789, 19.093994140625, 59.642127990722656, 48.72126770019531, 56.00585174560547, 34.562782287597656, 34.76277542114258, 30.763011932373047, 39.82672119140625]}, "epoch_2": {"avg_train_loss": 39.810517922007364, "avg_val_loss": 39.208181205686635, "avg_test_loss": 39.66916279915051, "train_losses": [57.053680419921875, 47.2509880065918, 30.933618545532227, 35.95390319824219, 47.96167755126953, 44.338783264160156, 24.33311653137207, 47.60314178466797, 51.42992401123047, 44.43248748779297, 26.44903564453125, 34.68463897705078, 61.74132537841797, 52.0543327331543, 50.49542236328125, 31.734901428222656, 46.78532791137695, 40.10421371459961, 35.045631408691406, 43.66023635864258, 52.087677001953125, 53.53972244262695, 55.072574615478516, 24.2620906829834, 48.081668853759766, 42.658931732177734, 24.142047882080078, 37.6539306640625, 46.643619537353516, 51.031742095947266, 41.5681266784668, 26.87567710876465, 36.97596740722656, 25.680416107177734, 44.25086212158203, 35.861175537109375, 37.39969253540039, 25.404869079589844, 59.32014465332031, 39.03091049194336, 40.235198974609375, 52.453208923339844, 40.63088607788086, 41.73115539550781, 41.121360778808594, 40.17685317993164, 41.615234375, 45.480003356933594, 31.016742706298828, 41.971893310546875, 40.89177703857422, 52.564125061035156, 26.16077995300293, 39.79630661010742, 35.552528381347656, 31.00152587890625, 31.47153091430664, 42.06039047241211, 38.6346435546875, 30.290483474731445, 32.6290283203125, 34.87028503417969, 34.486202239990234, 46.521324157714844, 44.84947967529297, 34.11304473876953]}, "epoch_3": {"avg_train_loss": 39.720826302589, "avg_val_loss": 39.209158069484836, "avg_test_loss": 39.543254558856674, "train_losses": [46.78321075439453, 32.33334732055664, 40.00400924682617, 41.6088752746582, 39.2968635559082, 29.523120880126953, 18.80750274658203, 31.875507354736328, 30.20292091369629, 29.653671264648438, 28.791969299316406, 44.003414154052734, 37.48122787475586, 48.065494537353516, 70.0257339477539, 42.646461486816406, 41.183170318603516, 30.322967529296875, 24.928647994995117, 29.188419342041016, 36.61080551147461, 41.347694396972656, 33.126243591308594, 60.70616149902344, 39.228736877441406, 29.855701446533203, 37.91623306274414, 32.89284133911133, 37.50978469848633, 32.45934295654297, 52.74921417236328, 35.35432434082031, 39.65781784057617, 39.35818862915039, 37.79241943359375, 32.93370056152344, 41.993072509765625, 36.20759201049805, 43.1522331237793, 35.44440841674805, 29.424068450927734, 70.60385131835938, 40.37302017211914, 54.09996795654297, 45.74066162109375, 31.614463806152344, 64.12495422363281, 37.221038818359375, 44.09959030151367, 44.733497619628906, 78.05722045898438, 40.17317581176758, 36.744144439697266, 30.26325798034668, 34.056800842285156, 26.31183624267578, 36.703651428222656, 44.74193572998047, 49.848876953125, 43.0012321472168, 49.287254333496094, 44.19208908081055, 35.315616607666016, 36.51213073730469, 22.360010147094727, 29.890649795532227]}}