{"config": {"model_params": {"nhid": 128, "nlayers": 3, "nhead": 3, "dropout": 0.4}, "training_params": {"N_EPOCHS": 20, "USE_GPU": true, "PRINT_EVERY_BATCHES": 40, "lr": 0.0001, "BATCH_SIZE": 16, "LOG_TRAIN_LOSS_EVERY_BATCHES": 100, "TRIG_EXPAND": true}, "data": {"training_file": "training_70.hdf5", "train_val_split": "train_val_split_70_15pct.pkl"}, "masking_scheme": {"restrict_to_L": true, "max_segment_ratio_of_total": 0.15, "mask_all_segments": true, "total_max_masked": 0.3}}, "epoch_0": {"avg_train_loss": 43.11250734912154, "avg_val_loss": 41.461174650506656, "avg_test_loss": 42.157096481323244, "train_losses": [43.37245178222656, 49.90576171875, 43.63426971435547, 38.1080207824707, 37.878780364990234, 45.83230209350586, 31.148698806762695, 41.45684051513672, 48.18608093261719, 49.756858825683594, 37.922508239746094, 48.256072998046875, 50.570030212402344, 29.61705207824707, 54.749305725097656, 44.35661697387695, 48.16613006591797]}, "epoch_1": {"avg_train_loss": 42.025222987009435, "avg_val_loss": 40.572359001243505, "avg_test_loss": 42.791655731201175, "train_losses": [39.158687591552734, 38.88374328613281, 38.81975555419922, 37.82361602783203, 42.022315979003906, 43.31466293334961, 45.41018295288086, 44.38755798339844, 43.351585388183594, 39.19343185424805, 31.14394187927246, 37.68479537963867, 42.010650634765625, 39.63333511352539, 37.355018615722656, 40.35525131225586, 51.282081604003906]}, "epoch_2": {"avg_train_loss": 41.744217178932324, "avg_val_loss": 40.06171311388959, "avg_test_loss": 41.8206729888916, "train_losses": [44.27720260620117, 32.5567626953125, 41.57021713256836, 39.22843933105469, 42.05134963989258, 39.85797119140625, 53.959712982177734, 34.724796295166016, 39.80305862426758, 44.64689636230469, 34.00421905517578, 39.23241424560547, 42.659854888916016, 45.55674362182617, 36.70464324951172, 33.10019302368164, 41.449886322021484]}, "epoch_3": {"avg_train_loss": 41.30343074145702, "avg_val_loss": 39.811115432571576, "avg_test_loss": 41.33956680297852, "train_losses": [35.633487701416016, 40.184200286865234, 26.433853149414062, 49.30033874511719, 25.852136611938477, 46.55509567260742, 35.565887451171875, 36.84901809692383, 41.28295135498047, 37.99425506591797, 33.42914962768555, 40.842811584472656, 41.985469818115234, 43.78213119506836, 39.155033111572266, 40.631752014160156, 36.49025344848633]}, "epoch_4": {"avg_train_loss": 41.15005142006723, "avg_val_loss": 39.65981878553118, "avg_test_loss": 42.51834144592285, "train_losses": [39.35200500488281, 53.64823532104492, 45.77013397216797, 45.0797004699707, 38.100467681884766, 37.78541564941406, 41.51032257080078, 46.623268127441406, 38.15864944458008, 40.559844970703125, 47.034568786621094, 43.069976806640625, 48.16545867919922, 44.135215759277344, 40.21453094482422, 28.532840728759766, 44.429134368896484]}, "epoch_5": {"avg_train_loss": 41.11752849686117, "avg_val_loss": 39.85079677288349, "avg_test_loss": 41.2904167175293, "train_losses": [39.21900939941406, 35.80288314819336, 39.061241149902344, 47.41990280151367, 37.95291519165039, 41.341148376464844, 36.603675842285156, 36.835601806640625, 48.14383316040039, 44.138771057128906, 43.9711799621582, 39.15559387207031, 40.94122314453125, 43.3706169128418, 45.10945129394531, 39.72364807128906, 32.496002197265625]}, "epoch_6": {"avg_train_loss": 41.15515607610017, "avg_val_loss": 39.889893594678945, "avg_test_loss": 41.66978034973145, "train_losses": [31.605182647705078, 41.548500061035156, 33.35087585449219, 41.10403823852539, 32.04628372192383, 37.018821716308594, 41.27508544921875, 44.051979064941406, 38.807456970214844, 40.632144927978516, 45.103702545166016, 46.87160110473633, 40.63437271118164, 38.4019889831543, 36.126686096191406, 44.934242248535156, 41.77763366699219]}, "epoch_7": {"avg_train_loss": 40.86274027766109, "avg_val_loss": 39.805576523581706, "avg_test_loss": 42.02835063934326, "train_losses": [36.03641128540039, 37.332664489746094, 36.06377029418945, 46.823272705078125, 37.88640594482422, 38.75212860107422, 37.058753967285156, 48.94313430786133, 37.93193054199219, 39.68938064575195, 44.65187454223633, 33.06586837768555, 40.852840423583984, 35.02741622924805, 41.36424255371094, 41.025474548339844, 45.96247482299805]}, "epoch_8": {"avg_train_loss": 40.848090708110036, "avg_val_loss": 39.735909818292974, "avg_test_loss": 41.449283599853516, "train_losses": [38.29867935180664, 35.7340202331543, 38.74212646484375, 35.11118698120117, 46.22682189941406, 43.08860397338867, 50.64092254638672, 45.372833251953125, 55.61752700805664, 44.25468826293945, 29.39692497253418, 36.605716705322266, 46.67156219482422, 35.5795783996582, 38.835201263427734, 46.770408630371094, 43.750526428222656]}, "epoch_9": {"avg_train_loss": 40.944630822226, "avg_val_loss": 39.802259424230556, "avg_test_loss": 40.15354614257812, "train_losses": [45.67546463012695, 43.73002624511719, 41.93345642089844, 38.21579360961914, 46.0394401550293, 42.0786018371582, 38.684879302978516, 38.73637390136719, 52.442569732666016, 34.3344841003418, 41.965919494628906, 46.63178253173828, 43.02817916870117, 46.540313720703125, 43.05449295043945, 56.97075653076172, 42.3681526184082]}, "epoch_10": {"avg_train_loss": 40.60779668299668, "avg_val_loss": 39.90180153899141, "avg_test_loss": 40.60703735351562, "train_losses": [53.194339752197266, 48.24449157714844, 31.79526710510254, 35.06468200683594, 43.151615142822266, 33.94369125366211, 52.510597229003906, 49.521141052246094, 44.46923828125, 40.187774658203125, 37.19084167480469, 39.474449157714844, 30.148061752319336, 47.04139709472656, 34.95064163208008, 39.26333236694336, 42.684478759765625]}, "epoch_11": {"avg_train_loss": 40.57482214253805, "avg_val_loss": 39.90640840425596, "avg_test_loss": 41.8229923248291, "train_losses": [50.74042510986328, 36.93203353881836, 38.82040023803711, 35.35411071777344, 40.91233444213867, 41.36863708496094, 44.61258316040039, 43.446372985839844, 40.422054290771484, 44.47808074951172, 39.943721771240234, 32.64952850341797, 45.339508056640625, 44.34873962402344, 34.82664489746094, 39.03375244140625, 32.40807342529297]}, "epoch_12": {"avg_train_loss": 40.83274779168201, "avg_val_loss": 39.902246789617855, "avg_test_loss": 41.14938182830811, "train_losses": [43.70586395263672, 46.602840423583984, 48.0068359375, 50.310787200927734, 43.36953353881836, 39.12189483642578, 39.17790985107422, 43.642677307128906, 45.841758728027344, 36.25022888183594, 46.56576919555664, 46.07400894165039, 35.04344177246094, 35.124053955078125, 50.47215270996094, 39.202415466308594, 41.34841537475586]}, "epoch_13": {"avg_train_loss": 40.553920579131486, "avg_val_loss": 40.211158721001595, "avg_test_loss": 42.06126174926758, "train_losses": [38.56572723388672, 38.05278778076172, 40.5784797668457, 32.73384475708008, 35.17967224121094, 36.428955078125, 43.258174896240234, 35.47355651855469, 48.98634719848633, 41.29567337036133, 37.969200134277344, 42.402862548828125, 34.750667572021484, 39.3933219909668, 45.46755599975586, 48.33818435668945, 41.51548385620117]}, "epoch_14": {"avg_train_loss": 40.59461336788746, "avg_val_loss": 39.801641977750336, "avg_test_loss": 39.839318084716794, "train_losses": [33.43677520751953, 34.402217864990234, 35.41084671020508, 50.49945831298828, 39.6436767578125, 43.845706939697266, 42.97096633911133, 46.944580078125, 45.20351791381836, 37.20443344116211, 36.83720397949219, 53.192020416259766, 43.583648681640625, 35.557952880859375, 33.60023498535156, 42.71202087402344, 47.69251251220703]}}