{"config": {"model_params": {"nhid": 256, "nlayers": 1, "nhead": 3, "dropout": 0.1}, "training_params": {"N_EPOCHS": 30, "USE_GPU": true, "PRINT_EVERY_BATCHES": 10, "lr": 0.0001, "BATCH_SIZE": 16, "LOG_TRAIN_LOSS_EVERY_BATCHES": 100}, "data": {"training_file": "training_70.hdf5", "train_val_split": "train_val_split_70_15pct.pkl"}}, "epoch_0": {"avg_train_loss": 40.42776929486934, "avg_val_loss": 39.789872368613445, "avg_test_loss": 39.074242782592776, "train_losses": [32.294578552246094, 42.328189849853516, 33.79860305786133, 40.126548767089844, 36.59719467163086, 31.647079467773438, 40.78031539916992, 35.90219497680664, 43.79530334472656, 43.49875259399414, 50.796443939208984, 48.55860900878906, 46.91130828857422, 39.51679229736328, 32.9063835144043, 43.45341491699219, 39.57455062866211]}, "epoch_1": {"avg_train_loss": 40.4548928195515, "avg_val_loss": 39.81328996721205, "avg_test_loss": 39.138932418823245, "train_losses": [44.203369140625, 37.99306106567383, 38.601600646972656, 34.67775344848633, 36.2328987121582, 37.00507736206055, 44.40347671508789, 45.43885803222656, 43.13443374633789, 39.91312789916992, 33.43012237548828, 41.36235427856445, 42.004783630371094, 36.92026138305664, 42.469791412353516, 46.952606201171875, 39.72526168823242]}, "epoch_2": {"avg_train_loss": 40.2832159389785, "avg_val_loss": 39.84623522286887, "avg_test_loss": 39.670851135253905, "train_losses": [35.01523208618164, 48.65723419189453, 30.381555557250977, 38.16340255737305, 36.826446533203125, 42.07322311401367, 47.10220718383789, 37.54741287231445, 36.2125129699707, 40.683250427246094, 45.68889617919922, 40.032649993896484, 50.33024215698242, 42.899749755859375, 42.69844055175781, 41.86115264892578, 31.763879776000977]}, "epoch_3": {"avg_train_loss": 40.03568198453535, "avg_val_loss": 39.6747798710079, "avg_test_loss": 39.54922046661377, "train_losses": [45.8435173034668, 35.8320198059082, 36.79813766479492, 45.15803146362305, 37.93038558959961, 37.66635513305664, 34.44520568847656, 40.985206604003906, 33.199947357177734, 30.80945587158203, 37.37531280517578, 40.39756393432617, 33.04200744628906, 37.267154693603516, 40.83312225341797, 38.69746780395508, 48.63154983520508]}, "epoch_4": {"avg_train_loss": 40.24357712472855, "avg_val_loss": 39.71779232234745, "avg_test_loss": 40.286978530883786, "train_losses": [37.95664596557617, 43.41676712036133, 38.8176383972168, 38.37544250488281, 36.95233154296875, 43.93228530883789, 41.76041793823242, 44.18559265136719, 36.1585578918457, 38.89531707763672, 35.49704360961914, 34.40318298339844, 41.21113586425781, 43.493770599365234, 35.05576705932617, 30.64082145690918, 41.549285888671875]}, "epoch_5": {"avg_train_loss": 40.05698032658957, "avg_val_loss": 39.16065052577427, "avg_test_loss": 39.7308910369873, "train_losses": [40.681419372558594, 36.39276123046875, 46.747474670410156, 42.25697326660156, 42.422420501708984, 38.7607421875, 41.90272521972656, 37.9539794921875, 36.558998107910156, 46.52878189086914, 35.62492752075195, 34.97797393798828, 45.60558319091797, 37.6256217956543, 37.6169548034668, 36.92763900756836, 40.476070404052734]}, "epoch_6": {"avg_train_loss": 39.87904636084596, "avg_val_loss": 39.45512789422339, "avg_test_loss": 39.63918190002441, "train_losses": [37.707237243652344, 39.61349105834961, 36.26473617553711, 37.49518585205078, 47.62725830078125, 42.023563385009766, 33.20871353149414, 45.244102478027344, 38.73065185546875, 46.15940856933594, 37.28437423706055, 33.0765495300293, 41.25089645385742, 32.800594329833984, 34.463321685791016, 39.4514045715332, 49.84880447387695]}, "epoch_7": {"avg_train_loss": 39.66783465033347, "avg_val_loss": 39.14962382892986, "avg_test_loss": 38.59444637298584, "train_losses": [42.261497497558594, 41.86809539794922, 41.90415954589844, 46.789222717285156, 38.258140563964844, 37.58838653564453, 42.21715545654297, 42.1639404296875, 41.66611862182617, 43.35236358642578, 32.660606384277344, 42.91071701049805, 48.6008186340332, 36.94679641723633, 29.391267776489258, 47.66737747192383, 39.87961959838867]}, "epoch_8": {"avg_train_loss": 39.802115420549015, "avg_val_loss": 39.1993175129314, "avg_test_loss": 38.18202800750733, "train_losses": [41.75299835205078, 37.484580993652344, 32.15632247924805, 37.243316650390625, 37.8538818359375, 35.287662506103516, 37.69131851196289, 38.04505157470703, 33.81307601928711, 41.74412536621094, 34.54356384277344, 53.416343688964844, 49.55177688598633, 41.81020736694336, 29.519441604614258, 39.706783294677734, 31.015544891357422]}, "epoch_9": {"avg_train_loss": 39.754141180322925, "avg_val_loss": 39.242342603075635, "avg_test_loss": 38.1384859085083, "train_losses": [36.181617736816406, 41.00383377075195, 31.932668685913086, 50.30021667480469, 34.83159637451172, 37.37158203125, 33.651390075683594, 42.433921813964844, 37.64161682128906, 52.01585388183594, 37.403594970703125, 43.615989685058594, 33.442779541015625, 37.682559967041016, 43.834693908691406, 37.12596130371094, 43.57975769042969]}, "epoch_10": {"avg_train_loss": 39.633968164402, "avg_val_loss": 39.00011675698416, "avg_test_loss": 38.54396018981934, "train_losses": [43.679569244384766, 30.376380920410156, 47.894107818603516, 34.43429183959961, 29.126575469970703, 37.80899429321289, 37.072933197021484, 37.696990966796875, 36.97521209716797, 38.5821533203125, 37.03287887573242, 33.00776290893555, 32.00191116333008, 36.20974349975586, 39.67475891113281, 38.56960678100586, 40.197147369384766]}, "epoch_11": {"avg_train_loss": 39.47965093696613, "avg_val_loss": 39.210558210100444, "avg_test_loss": 37.894557571411134, "train_losses": [30.12971305847168, 41.52428436279297, 38.872779846191406, 42.80181884765625, 35.4067268371582, 37.68026351928711, 41.384613037109375, 35.170413970947266, 36.19615936279297, 36.241607666015625, 42.369632720947266, 36.830589294433594, 38.01748275756836, 37.368770599365234, 36.80894088745117, 44.02933883666992, 46.65952682495117]}, "epoch_12": {"avg_train_loss": 39.694748514730364, "avg_val_loss": 39.183949889717525, "avg_test_loss": 37.85673065185547, "train_losses": [34.43422317504883, 46.2445182800293, 39.976715087890625, 32.43879318237305, 30.771223068237305, 47.59733963012695, 50.896080017089844, 44.331634521484375, 38.80778121948242, 43.56858825683594, 47.610626220703125, 42.41758728027344, 35.01560974121094, 47.9993896484375, 43.824337005615234, 40.88261413574219, 41.683738708496094]}, "epoch_13": {"avg_train_loss": 39.49679121353224, "avg_val_loss": 39.11386690034971, "avg_test_loss": 37.64274673461914, "train_losses": [42.15386962890625, 34.58507537841797, 44.45555877685547, 35.7523193359375, 41.12548828125, 36.97673416137695, 39.62620544433594, 33.51031494140625, 40.961673736572266, 46.27201461791992, 41.413944244384766, 42.29035186767578, 46.994937896728516, 53.43453598022461, 45.92108917236328, 39.54831314086914, 45.97369384765625]}, "epoch_14": {"avg_train_loss": 39.528612521574956, "avg_val_loss": 38.80787423940805, "avg_test_loss": 38.53559532165527, "train_losses": [41.676063537597656, 44.58283233642578, 34.94841384887695, 44.434627532958984, 40.0244255065918, 38.43071365356445, 37.64693069458008, 41.10498809814453, 39.49586868286133, 30.030725479125977, 39.022701263427734, 35.47685623168945, 31.55876350402832, 56.93061828613281, 51.34126663208008, 45.900047302246094, 39.3649787902832]}, "epoch_15": {"avg_train_loss": 39.58315741228883, "avg_val_loss": 39.07405583937089, "avg_test_loss": 37.8412166595459, "train_losses": [45.58757400512695, 37.603214263916016, 39.69648742675781, 41.699806213378906, 31.028118133544922, 39.69981384277344, 38.54871368408203, 32.9107780456543, 43.090240478515625, 40.00107192993164, 35.535003662109375, 31.088027954101562, 31.0649471282959, 42.144752502441406, 39.006412506103516, 31.46875762939453, 42.0101432800293]}, "epoch_16": {"avg_train_loss": 39.45360497565608, "avg_val_loss": 38.80342939397791, "avg_test_loss": 38.137010383605954,