{"config": {"model_params": {"nhid": 32, "nlayers": 3, "nhead": 3, "dropout": 0.4}, "training_params": {"N_EPOCHS": 20, "USE_GPU": true, "PRINT_EVERY_BATCHES": 40, "lr": 0.0001, "BATCH_SIZE": 16, "LOG_TRAIN_LOSS_EVERY_BATCHES": 100}, "data": {"training_file": "training_70.hdf5", "train_val_split": "train_val_split_70_15pct.pkl"}, "masking_scheme": {"restrict_to_L": true, "max_segment_ratio_of_total": 0.15, "mask_all_segments": true, "total_max_masked": 0.3}}, "epoch_0": {"avg_train_loss": 40.54236415196165, "avg_val_loss": 39.898416697323974, "avg_test_loss": 39.646566772460936, "train_losses": [38.636234283447266, 47.14118957519531, 40.20012664794922, 44.291038513183594, 37.629032135009766, 36.08230209350586, 47.070106506347656, 43.318458557128906, 34.52311325073242, 39.454505920410156, 39.16614532470703, 33.77970886230469, 51.80601119995117, 45.84347152709961, 38.662132263183594, 44.544559478759766, 40.7508659362793]}, "epoch_1": {"avg_train_loss": 40.40302113857129, "avg_val_loss": 39.89523097446987, "avg_test_loss": 39.362488174438475, "train_losses": [44.79219055175781, 38.74209213256836, 49.00547790527344, 35.634151458740234, 47.153926849365234, 48.16712951660156, 41.82693862915039, 41.431640625, 32.681400299072266, 45.16047286987305, 40.58653259277344, 38.14873504638672, 51.08625030517578, 38.569522857666016, 36.70731735229492, 40.22593688964844, 41.109375]}, "epoch_2": {"avg_train_loss": 40.497996710331925, "avg_val_loss": 39.86440632369492, "avg_test_loss": 39.40180587768555, "train_losses": [48.50480270385742, 41.307674407958984, 33.84857177734375, 37.34723663330078, 35.17308044433594, 43.16018295288086, 39.802852630615234, 46.725372314453125, 47.546913146972656, 43.71037292480469, 54.463111877441406, 39.94948959350586, 40.325679779052734, 40.90509796142578, 35.092018127441406, 43.21298599243164, 39.83546447753906]}, "epoch_3": {"avg_train_loss": 40.29188243334334, "avg_val_loss": 39.80146906926082, "avg_test_loss": 39.69276313781738, "train_losses": [41.49910354614258, 38.68198013305664, 44.245296478271484, 45.4591178894043, 41.18146514892578, 40.76314163208008, 44.32382583618164, 54.472652435302734, 40.08805847167969, 35.985939025878906, 44.88165283203125, 33.79380798339844, 42.7490348815918, 38.43743896484375, 40.9433708190918, 35.344669342041016, 40.97840118408203]}, "epoch_4": {"avg_train_loss": 40.378653118254796, "avg_val_loss": 39.731057701530034, "avg_test_loss": 39.557992935180664, "train_losses": [39.09729766845703, 42.20331954956055, 42.518497467041016, 44.59635543823242, 39.80115509033203, 46.078983306884766, 46.434783935546875, 38.93610763549805, 40.65376663208008, 48.73628234863281, 35.3574333190918, 45.53569793701172, 47.51295471191406, 39.312870025634766, 51.13525390625, 39.89818572998047, 40.14961242675781]}}