{"config": {"model_params": {"nhid": 256, "nlayers": 1, "nhead": 3, "dropout": 0.1}, "training_params": {"N_EPOCHS": 10, "USE_GPU": true, "PRINT_EVERY_BATCHES": 10, "lr": 0.0001, "BATCH_SIZE": 16, "LOG_TRAIN_LOSS_EVERY_BATCHES": 100}, "data": {"training_file": "training_70.hdf5"}}, "epoch_0": {"avg_train_loss": 20.972607410758553, "avg_val_loss": 20.379083539103412, "avg_test_loss": 20.98763542175293, "train_losses": [22.050479888916016, 17.791017532348633, 20.655303955078125, 24.714195251464844, 21.470134735107422, 19.909910202026367, 22.696331024169922, 25.63344955444336, 21.96412467956543, 18.813684463500977, 19.258777618408203, 22.33521842956543, 21.238924026489258, 20.727510452270508, 19.30313491821289, 22.961912155151367, 20.330015182495117]}}