{"config": {"model_params": {"nhid": 256, "nlayers": 1, "nhead": 3, "dropout": 0.1}, "training_params": {"N_EPOCHS": 30, "USE_GPU": true, "PRINT_EVERY_BATCHES": 10, "lr": 0.0001, "BATCH_SIZE": 16, "LOG_TRAIN_LOSS_EVERY_BATCHES": 100}, "data": {"training_file": "training_70.hdf5", "train_val_split": "train_val_split_70_15pct.pkl"}}, "epoch_0": {"avg_train_loss": 40.42776929486934, "avg_val_loss": 39.789872368613445, "avg_test_loss": 39.074242782592776, "train_losses": [32.294578552246094, 42.328189849853516, 33.79860305786133, 40.126548767089844, 36.59719467163086, 31.647079467773438, 40.78031539916992, 35.90219497680664, 43.79530334472656, 43.49875259399414, 50.796443939208984, 48.55860900878906, 46.91130828857422, 39.51679229736328, 32.9063835144043, 43.45341491699219, 39.57455062866211]}}