{"config": {"model_params": {"nhid": 50, "nlayers": 1, "nhead": 3, "dropout": 0.1}, "training_params": {"N_EPOCHS": 10, "USE_GPU": true, "PRINT_EVERY_BATCHES": 10, "lr": 0.0001, "BATCH_SIZE": 16, "LOG_TRAIN_LOSS_EVERY_BATCHES": 100}, "data": {"training_file": "training_70.hdf5"}}, "epoch_0": {"avg_train_loss": 40.51026873029273, "avg_val_loss": 40.51944327354431, "avg_test_loss": 46.80388641357422, "train_losses": [37.27665328979492, 32.042293548583984, 44.97264099121094, 45.71376037597656, 37.3626823425293, 50.10456466674805, 43.95566177368164, 32.605594635009766, 42.961517333984375, 34.842864990234375, 33.654518127441406, 46.74558639526367, 45.161537170410156, 37.49549865722656, 34.05595397949219, 38.863651275634766, 39.7279167175293]}, "epoch_1": {"avg_train_loss": 40.623316905518685, "avg_val_loss": 40.297356740288116, "avg_test_loss": 45.570946884155276, "train_losses": [42.60297775268555, 41.31672668457031, 44.12798309326172, 43.0228271484375, 37.352821350097656, 37.74309539794922, 45.83713150024414, 33.45335006713867, 41.0199089050293, 46.650238037109375, 54.77699661254883, 50.988922119140625, 38.01161575317383, 37.660118103027344, 42.8055534362793, 45.30746078491211, 40.72819900512695]}, "epoch_2": {"avg_train_loss": 40.58812755713872, "avg_val_loss": 40.35945287994716, "avg_test_loss": 41.79795417785645, "train_losses": [37.11882019042969, 43.87034225463867, 44.473060607910156, 44.38606262207031, 49.91244888305664, 40.12354278564453, 42.66658401489258, 41.088356018066406, 40.04179382324219, 33.80634689331055, 37.039520263671875, 52.99605178833008, 40.13679504394531, 42.34002685546875, 43.213619232177734, 37.44740295410156, 39.156394958496094]}}