{"config": {"model_params": {"nhid": 512, "nlayers": 6, "nhead": 3, "dropout": 0.1}, "training_params": {"N_EPOCHS": 30, "USE_GPU": true, "PRINT_EVERY_BATCHES": 10, "lr": 0.0001, "BATCH_SIZE": 8, "LOG_TRAIN_LOSS_EVERY_BATCHES": 100}, "data": {"training_file": "training_70.hdf5", "train_val_split": "train_val_split_70_15pct.pkl"}}, "epoch_0": {"avg_train_loss": 40.3278319934761, "avg_val_loss": 39.7281516462892, "avg_test_loss": 39.39546413421631, "train_losses": [50.671104431152344, 31.889854431152344, 48.54188537597656, 42.41087341308594, 46.87493896484375, 39.16109085083008, 54.37545394897461, 54.548946380615234, 31.33584213256836, 40.97465896606445, 49.89210891723633, 49.32840347290039, 35.486358642578125, 46.250572204589844, 46.12621307373047, 31.553617477416992, 36.742088317871094, 29.19491195678711, 47.55543518066406, 31.221086502075195, 47.09945297241211, 36.09219741821289, 40.55183410644531, 47.61287307739258, 33.266685485839844, 43.28641128540039, 40.467899322509766, 38.38005828857422, 30.610992431640625, 32.296974182128906, 36.673011779785156, 45.0240478515625, 42.2933349609375]}}