{"config": {"model_params": {"nhid": 128, "nlayers": 3, "nhead": 3, "dropout": 0.4}, "training_params": {"N_EPOCHS": 20, "USE_GPU": true, "PRINT_EVERY_BATCHES": 40, "lr": 0.0001, "BATCH_SIZE": 16, "LOG_TRAIN_LOSS_EVERY_BATCHES": 100, "TRIG_EXPAND": true}, "data": {"training_file": "training_70.hdf5", "train_val_split": "train_val_split_70_15pct.pkl"}, "masking_scheme": {"restrict_to_L": true, "max_segment_ratio_of_total": 0.15, "mask_all_segments": true, "total_max_masked": 0.3}}, "epoch_0": {"avg_train_loss": 43.11250734912154, "avg_val_loss": 41.461174650506656, "avg_test_loss": 42.157096481323244, "train_losses": [43.37245178222656, 49.90576171875, 43.63426971435547, 38.1080207824707, 37.878780364990234, 45.83230209350586, 31.148698806762695, 41.45684051513672, 48.18608093261719, 49.756858825683594, 37.922508239746094, 48.256072998046875, 50.570030212402344, 29.61705207824707, 54.749305725097656, 44.35661697387695, 48.16613006591797]}, "epoch_1": {"avg_train_loss": 42.025222987009435, "avg_val_loss": 40.572359001243505, "avg_test_loss": 42.791655731201175, "train_losses": [39.158687591552734, 38.88374328613281, 38.81975555419922, 37.82361602783203, 42.022315979003906, 43.31466293334961, 45.41018295288086, 44.38755798339844, 43.351585388183594, 39.19343185424805, 31.14394187927246, 37.68479537963867, 42.010650634765625, 39.63333511352539, 37.355018615722656, 40.35525131225586, 51.282081604003906]}, "epoch_2": {"avg_train_loss": 41.744217178932324, "avg_val_loss": 40.06171311388959, "avg_test_loss": 41.8206729888916, "train_losses": [44.27720260620117, 32.5567626953125, 41.57021713256836, 39.22843933105469, 42.05134963989258, 39.85797119140625, 53.959712982177734, 34.724796295166016, 39.80305862426758, 44.64689636230469, 34.00421905517578, 39.23241424560547, 42.659854888916016, 45.55674362182617, 36.70464324951172, 33.10019302368164, 41.449886322021484]}, "epoch_3": {"avg_train_loss": 41.30343074145702, "avg_val_loss": 39.811115432571576, "avg_test_loss": 41.33956680297852, "train_losses": [35.633487701416016, 40.184200286865234, 26.433853149414062, 49.30033874511719, 25.852136611938477, 46.55509567260742, 35.565887451171875, 36.84901809692383, 41.28295135498047, 37.99425506591797, 33.42914962768555, 40.842811584472656, 41.985469818115234, 43.78213119506836, 39.155033111572266, 40.631752014160156, 36.49025344848633]}, "epoch_4": {"avg_train_loss": 41.15005142006723, "avg_val_loss": 39.65981878553118, "avg_test_loss": 42.51834144592285, "train_losses": [39.35200500488281, 53.64823532104492, 45.77013397216797, 45.0797004699707, 38.100467681884766, 37.78541564941406, 41.51032257080078, 46.623268127441406, 38.15864944458008, 40.559844970703125, 47.034568786621094, 43.069976806640625, 48.16545867919922, 44.135215759277344, 40.21453094482422, 28.532840728759766, 44.429134368896484]}, "epoch_5": {"avg_train_loss": 41.11752849686117, "avg_val_loss": 39.85079677288349, "avg_test_loss": 41.2904167175293, "train_losses": [39.21900939941406, 35.80288314819336, 39.061241149902344, 47.41990280151367, 37.95291519165039, 41.341148376464844, 36.603675842285156, 36.835601806640625, 48.14383316040039, 44.138771057128906, 43.9711799621582, 39.15559387207031, 40.94122314453125, 43.3706169128418, 45.10945129394531, 39.72364807128906, 32.496002197265625]}}