{"config": {"model_params": {"nhid": 256, "nlayers": 1, "nhead": 3, "dropout": 0.1}, "training_params": {"N_EPOCHS": 10, "USE_GPU": true, "PRINT_EVERY_BATCHES": 10, "lr": 0.0001, "BATCH_SIZE": 16, "LOG_TRAIN_LOSS_EVERY_BATCHES": 100}, "data": {"training_file": "training_70.hdf5"}}, "epoch_0": {"avg_train_loss": 20.972607410758553, "avg_val_loss": 20.379083539103412, "avg_test_loss": 20.98763542175293, "train_losses": [22.050479888916016, 17.791017532348633, 20.655303955078125, 24.714195251464844, 21.470134735107422, 19.909910202026367, 22.696331024169922, 25.63344955444336, 21.96412467956543, 18.813684463500977, 19.258777618408203, 22.33521842956543, 21.238924026489258, 20.727510452270508, 19.30313491821289, 22.961912155151367, 20.330015182495117]}, "epoch_1": {"avg_train_loss": 20.527047359723987, "avg_val_loss": 20.39568704039186, "avg_test_loss": 18.78851890563965, "train_losses": [24.1594181060791, 19.543760299682617, 22.62870979309082, 15.943840980529785, 21.35311508178711, 21.02924346923828, 15.668330192565918, 19.214269638061523, 15.755656242370605, 18.476675033569336, 15.884882926940918, 18.747407913208008, 18.392189025878906, 18.045515060424805, 20.942363739013672, 16.326923370361328, 19.55867576599121]}, "epoch_2": {"avg_train_loss": 20.52938203402092, "avg_val_loss": 20.195394322112367, "avg_test_loss": 20.69213285446167, "train_losses": [18.58132553100586, 15.618972778320312, 25.316226959228516, 25.982275009155273, 17.723392486572266, 18.205848693847656, 15.775238037109375, 20.57371711730957, 21.95537757873535, 20.2258358001709, 19.289194107055664, 11.472729682922363, 25.05670166015625, 17.136709213256836, 19.667343139648438, 18.605470657348633, 20.93600845336914]}, "epoch_3": {"avg_train_loss": 20.296579783386978, "avg_val_loss": 19.717496887668148, "avg_test_loss": 19.79609375, "train_losses": [16.669708251953125, 20.20309829711914, 29.199888229370117, 23.15818977355957, 20.192445755004883, 22.287315368652344, 25.593456268310547, 19.950031280517578, 17.874530792236328, 15.71397876739502, 20.518770217895508, 15.70149040222168, 22.747623443603516, 26.396921157836914, 18.402244567871094, 22.159805297851562, 18.26806640625]}, "epoch_4": {"avg_train_loss": 19.74533958844612, "avg_val_loss": 19.069009293566694, "avg_test_loss": 19.780774688720705, "train_losses": [16.767061233520508, 18.591188430786133, 21.557758331298828, 15.810879707336426, 16.025609970092773, 25.13541603088379, 14.955141067504883, 16.555381774902344, 17.61957550048828, 19.668790817260742, 15.071734428405762, 16.56326675415039, 19.61731719970703, 24.088172912597656, 16.858905792236328, 22.4500789642334, 16.560047149658203]}, "epoch_5": {"avg_train_loss": 19.300807966337615, "avg_val_loss": 18.583943008066534, "avg_test_loss": 18.69533004760742, "train_losses": [16.945180892944336, 21.033279418945312, 17.288297653198242, 16.79604148864746, 17.68035888671875, 22.3696231842041, 17.89237403869629, 18.09612274169922, 22.10811996459961, 24.556072235107422, 19.63401985168457, 27.38775062561035, 17.978740692138672, 16.285310745239258, 24.98775863647461, 20.76712417602539, 18.140674591064453]}, "epoch_6": {"avg_train_loss": 18.76491520653473, "avg_val_loss": 18.158368330735428, "avg_test_loss": 18.36459836959839, "train_losses": [15.669819831848145, 20.892898559570312, 20.740530014038086, 18.210981369018555, 19.777545928955078, 18.753320693969727, 20.57000732421875, 22.321226119995117, 18.499160766601562, 24.722612380981445, 18.959339141845703, 20.716856002807617, 20.066469192504883, 18.767271041870117, 17.50597381591797, 20.056846618652344, 15.216201782226562]}, "epoch_7": {"avg_train_loss": 18.52228540233308, "avg_val_loss": 18.241008753304953, "avg_test_loss": 17.658266067504883, "train_losses": [16.02886390686035, 18.363475799560547, 18.518239974975586, 19.142932891845703, 17.551868438720703, 23.39112091064453, 17.39582633972168, 25.507226943969727, 20.33795166015625, 14.647661209106445, 16.78615379333496, 12.562307357788086, 17.341150283813477, 19.658456802368164, 19.477201461791992, 13.701587677001953, 19.051137924194336]}, "epoch_8": {"avg_train_loss": 18.36303575199806, "avg_val_loss": 17.656818154093983, "avg_test_loss": 15.709231758117676, "train_losses": [15.867979049682617, 24.061532974243164, 13.679991722106934, 18.373321533203125, 19.876842498779297, 18.559579849243164, 19.025421142578125, 18.053049087524414, 15.539838790893555, 19.659944534301758, 18.322399139404297, 25.13591957092285, 18.444541931152344, 17.01151466369629, 12.430503845214844, 17.938682556152344, 19.549915313720703]}, "epoch_9": {"avg_train_loss": 18.226179550615555, "avg_val_loss": 17.431045899024376, "avg_test_loss": 17.18908929824829, "train_losses": [12.453286170959473, 23.021224975585938, 18.435955047607422, 19.40343475341797, 15.006856918334961, 16.40154266357422, 19.59968376159668, 13.668665885925293, 12.319984436035156, 13.375720024108887, 20.17083168029785, 15.513883590698242, 19.389541625976562, 18.921695709228516, 14.627814292907715, 13.735685348510742, 22.5866641998291]}}