{"config": {"model_params": {"nhid": 128, "nlayers": 3, "nhead": 3, "dropout": 0.4}, "training_params": {"N_EPOCHS": 20, "USE_GPU": true, "PRINT_EVERY_BATCHES": 40, "lr": 0.0001, "BATCH_SIZE": 16, "LOG_TRAIN_LOSS_EVERY_BATCHES": 100, "TRIG_EXPAND": true}, "data": {"training_file": "training_70.hdf5", "train_val_split": "train_val_split_70_15pct.pkl"}, "masking_scheme": {"restrict_to_L": false, "max_segment_ratio_of_total": 0.5}}, "epoch_0": {"avg_train_loss": 27.84996100218197, "avg_val_loss": 27.25293173108782, "avg_test_loss": 27.512142753601076, "train_losses": [29.847497940063477, 33.49775314331055, 25.460857391357422, 29.037879943847656, 33.16152572631836, 30.816591262817383, 24.36054801940918, 28.7203426361084, 28.03827476501465, 23.28179359436035, 25.801349639892578, 29.037269592285156, 29.133983612060547, 22.129852294921875, 23.232894897460938, 28.883150100708008, 25.390262603759766]}, "epoch_1": {"avg_train_loss": 26.08629536453844, "avg_val_loss": 26.502765760316954, "avg_test_loss": 26.506179428100587, "train_losses": [33.141231536865234, 22.02330780029297, 23.52178382873535, 23.976654052734375, 23.89358139038086, 27.505800247192383, 26.077743530273438, 30.94261932373047, 20.980648040771484, 23.848857879638672, 25.668272018432617, 20.9793758392334, 21.560338973999023, 21.456098556518555, 27.369504928588867, 22.95391845703125, 25.27124786376953]}, "epoch_2": {"avg_train_loss": 25.66040178382892, "avg_val_loss": 25.626458712986537, "avg_test_loss": 26.114886474609374, "train_losses": [29.81719970703125, 21.86787223815918, 30.768144607543945, 24.883377075195312, 24.211692810058594, 23.725337982177734, 27.470714569091797, 23.448545455932617, 28.68798065185547, 25.973413467407227, 23.348026275634766, 26.46183967590332, 24.90174102783203, 23.287073135375977, 24.322589874267578, 23.669404983520508, 27.091108322143555]}, "epoch_3": {"avg_train_loss": 25.445613211699396, "avg_val_loss": 25.05398574242225, "avg_test_loss": 24.723772239685058, "train_losses": [26.991539001464844, 29.098695755004883, 25.453886032104492, 29.138870239257812, 27.585472106933594, 25.218246459960938, 26.39255142211914, 21.971458435058594, 25.588720321655273, 24.52764129638672, 26.563512802124023, 22.44487762451172, 23.641355514526367, 22.81779670715332, 27.78594207763672, 29.239816665649414, 26.014690399169922]}, "epoch_4": {"avg_train_loss": 25.35569498766314, "avg_val_loss": 25.02630870944851, "avg_test_loss": 25.94062557220459, "train_losses": [23.8304500579834, 26.4351806640625, 28.478670120239258, 25.745670318603516, 21.93683433532715, 22.906330108642578, 23.447437286376953, 24.82859230041504, 23.28708267211914, 22.102867126464844, 24.075698852539062, 24.23668098449707, 25.20366668701172, 24.153507232666016, 20.479007720947266, 26.736005783081055, 25.838470458984375]}, "epoch_5": {"avg_train_loss": 25.231129044716983, "avg_val_loss": 25.040980527689168, "avg_test_loss": 24.996618270874023, "train_losses": [25.72820281982422, 29.0382137298584, 26.606950759887695, 23.36799430847168, 22.241619110107422, 24.54408836364746, 26.66251564025879, 21.940771102905273, 24.236726760864258, 21.453243255615234, 26.777074813842773, 27.136699676513672, 25.378494262695312, 28.06971549987793, 25.42876434326172, 26.604719161987305, 25.593435287475586]}, "epoch_6": {"avg_train_loss": 25.17873077579116, "avg_val_loss": 24.709465603252035, "avg_test_loss": 24.592477798461914, "train_losses": [22.6700382232666, 23.02388572692871, 23.908607482910156, 20.819974899291992, 23.843673706054688, 22.78812026977539, 24.79283905029297, 24.11383819580078, 26.578310012817383, 21.755725860595703, 26.97720718383789, 23.543598175048828, 23.366994857788086, 25.237995147705078, 23.76970863342285, 24.777395248413086, 26.76150131225586]}}