{"config": {"model_params": {"nhid": 32, "nlayers": 3, "nhead": 3, "dropout": 0.4}, "training_params": {"N_EPOCHS": 20, "USE_GPU": true, "PRINT_EVERY_BATCHES": 40, "lr": 0.0001, "BATCH_SIZE": 16, "LOG_TRAIN_LOSS_EVERY_BATCHES": 100}, "data": {"training_file": "training_70.hdf5", "train_val_split": "train_val_split_70_15pct.pkl"}, "masking_scheme": {"restrict_to_L": false, "max_segment_ratio_of_total": 0.1}}, "epoch_0": {"avg_train_loss": 21.956983868242183, "avg_val_loss": 21.654257758633122, "avg_test_loss": 21.51867961883545, "train_losses": [19.69778060913086, 27.790407180786133, 19.498437881469727, 24.11261558532715, 21.114501953125, 24.774559020996094, 25.27912139892578, 25.11787986755371, 21.893217086791992, 16.781469345092773, 22.49341583251953, 19.457862854003906, 21.73388671875, 21.41374969482422, 24.06319236755371, 25.567625045776367, 28.423789978027344]}, "epoch_1": {"avg_train_loss": 21.983193491956715, "avg_val_loss": 21.595018585959632, "avg_test_loss": 21.048610877990722, "train_losses": [18.934112548828125, 20.737030029296875, 25.43630027770996, 23.798566818237305, 20.91603660583496, 20.894067764282227, 18.24590492248535, 18.443315505981445, 21.606990814208984, 21.871580123901367, 21.62604522705078, 21.12151336669922, 27.691593170166016, 20.824283599853516, 25.116544723510742, 24.813501358032227, 19.53456687927246]}, "epoch_2": {"avg_train_loss": 21.90518568780428, "avg_val_loss": 22.02340085689838, "avg_test_loss": 22.204615974426268, "train_losses": [22.42510223388672, 20.29667091369629, 21.295455932617188, 20.887195587158203, 21.020055770874023, 23.53925323486328, 22.342226028442383, 21.926372528076172, 18.996456146240234, 17.038013458251953, 20.96548843383789, 22.000150680541992, 25.778406143188477, 19.049575805664062, 19.416601181030273, 21.684659957885742, 18.396469116210938]}, "epoch_3": {"avg_train_loss": 21.99440394287296, "avg_val_loss": 21.65690761608082, "avg_test_loss": 20.489080047607423, "train_losses": [17.35493278503418, 24.066814422607422, 16.807981491088867, 17.442455291748047, 23.567487716674805, 25.50870132446289, 21.436254501342773, 23.810380935668945, 23.156951904296875, 26.96402931213379, 24.576772689819336, 25.67574691772461, 17.796873092651367, 15.494373321533203, 25.242652893066406, 26.634323120117188, 19.49014663696289]}, "epoch_4": {"avg_train_loss": 21.885280673253217, "avg_val_loss": 21.82013796712016, "avg_test_loss": 20.72284345626831, "train_losses": [23.948816299438477, 21.75044059753418, 21.873855590820312, 20.49151611328125, 21.65009880065918, 20.95855712890625, 19.29264259338379, 22.551130294799805, 21.630748748779297, 18.750051498413086, 17.72174072265625, 23.97952651977539, 20.190946578979492, 22.625633239746094, 21.158531188964844, 21.486452102661133, 20.41366958618164]}, "epoch_5": {"avg_train_loss": 21.8229445134515, "avg_val_loss": 21.393498200636643, "avg_test_loss": 21.65300464630127, "train_losses": [19.773399353027344, 17.581703186035156, 24.252479553222656, 20.533306121826172, 22.17323875427246, 19.361427307128906, 22.379919052124023, 26.147472381591797, 20.299264907836914, 22.0859432220459, 24.45059585571289, 20.68980598449707, 22.95870590209961, 20.863601684570312, 22.832866668701172, 23.76655387878418, 22.982545852661133]}}