{"config": {"model_params": {"nhid": 256, "nlayers": 3, "nhead": 3, "dropout": 0.1}, "training_params": {"N_EPOCHS": 20, "USE_GPU": true, "PRINT_EVERY_BATCHES": 40, "lr": 0.0001, "BATCH_SIZE": 16, "LOG_TRAIN_LOSS_EVERY_BATCHES": 100}, "data": {"training_file": "training_70.hdf5", "train_val_split": "train_val_split_70_15pct.pkl"}, "note": "mask only 1 Loop"}, "epoch_0": {"avg_train_loss": 20.868688470285505, "avg_val_loss": 20.777147261651006, "avg_test_loss": 20.572759437561036, "train_losses": [18.66179656982422, 22.080947875976562, 14.386034965515137, 25.753253936767578, 19.28479766845703, 18.62693977355957, 23.171192169189453, 26.515718460083008, 23.819578170776367, 23.583181381225586, 29.202856063842773, 27.432126998901367, 23.44175148010254, 19.93701171875, 18.27031135559082, 23.43600082397461, 25.90658950805664]}, "epoch_1": {"avg_train_loss": 20.71175647364852, "avg_val_loss": 20.686376639774867, "avg_test_loss": 20.937592887878417, "train_losses": [22.01412582397461, 19.548315048217773, 16.193174362182617, 26.159608840942383, 21.50899887084961, 23.631610870361328, 23.389930725097656, 26.41787338256836, 22.445358276367188, 28.958080291748047, 16.124589920043945, 19.423185348510742, 27.85724449157715, 18.98651885986328, 21.79635238647461, 16.567506790161133, 17.961891174316406]}, "epoch_2": {"avg_train_loss": 20.640631671639703, "avg_val_loss": 20.164554423028296, "avg_test_loss": 20.466315174102782, "train_losses": [18.338848114013672, 20.4669189453125, 20.645448684692383, 19.167509078979492, 16.509767532348633, 19.94695281982422, 25.219951629638672, 21.398025512695312, 23.897258758544922, 20.980356216430664, 21.108854293823242, 20.760234832763672, 22.039318084716797, 24.433300018310547, 17.55731773376465, 21.970958709716797, 18.27037239074707]}, "epoch_3": {"avg_train_loss": 20.487493313903624, "avg_val_loss": 20.21400308085012, "avg_test_loss": 19.97216682434082, "train_losses": [22.314666748046875, 19.69626235961914, 19.606395721435547, 19.565338134765625, 17.668670654296875, 24.068143844604492, 21.814250946044922, 15.61674976348877, 20.197145462036133, 16.81591033935547, 19.433103561401367, 21.36876678466797, 15.856697082519531, 18.159103393554688, 20.066797256469727, 19.93141746520996, 25.048843383789062]}, "epoch_4": {"avg_train_loss": 20.441070591616455, "avg_val_loss": 20.26284519132677, "avg_test_loss": 20.509961795806884, "train_losses": [24.992389678955078, 17.712162017822266, 21.801246643066406, 21.609058380126953, 23.80487060546875, 22.11419677734375, 21.964393615722656, 21.810840606689453, 21.435571670532227, 19.978227615356445, 22.628137588500977, 22.352210998535156, 21.986547470092773, 22.305015563964844, 18.589611053466797, 17.583528518676758, 24.650489807128906]}, "epoch_5": {"avg_train_loss": 20.22471631476815, "avg_val_loss": 20.355260157323144, "avg_test_loss": 20.038855266571044, "train_losses": [23.826745986938477, 14.867334365844727, 16.489112854003906, 19.771821975708008, 19.931041717529297, 21.202905654907227, 18.69350814819336, 20.63188934326172, 21.514278411865234, 19.113605499267578, 17.069868087768555, 16.85199737548828, 23.532859802246094, 21.016620635986328, 19.198942184448242, 17.139169692993164, 22.043106079101562]}, "epoch_6": {"avg_train_loss": 20.148100243220995, "avg_val_loss": 20.33314779302576, "avg_test_loss": 18.283389568328857, "train_losses": [20.545799255371094, 19.664968490600586, 20.791959762573242, 18.470521926879883, 20.871618270874023, 23.26300048828125, 23.09228515625, 24.399377822875977, 24.59864044189453, 23.436208724975586, 24.169828414916992, 22.290157318115234, 15.959314346313477, 16.224300384521484, 20.135251998901367, 16.091516494750977, 24.62724494934082]}}