{"config": {"model_params": {"nhid": 512, "nlayers": 6, "nhead": 3, "dropout": 0.1}, "training_params": {"N_EPOCHS": 30, "USE_GPU": true, "PRINT_EVERY_BATCHES": 10, "lr": 0.0001, "BATCH_SIZE": 8, "LOG_TRAIN_LOSS_EVERY_BATCHES": 100}, "data": {"training_file": "training_70.hdf5", "train_val_split": "train_val_split_70_15pct.pkl"}}, "epoch_0": {"avg_train_loss": 40.3278319934761, "avg_val_loss": 39.7281516462892, "avg_test_loss": 39.39546413421631, "train_losses": [50.671104431152344, 31.889854431152344, 48.54188537597656, 42.41087341308594, 46.87493896484375, 39.16109085083008, 54.37545394897461, 54.548946380615234, 31.33584213256836, 40.97465896606445, 49.89210891723633, 49.32840347290039, 35.486358642578125, 46.250572204589844, 46.12621307373047, 31.553617477416992, 36.742088317871094, 29.19491195678711, 47.55543518066406, 31.221086502075195, 47.09945297241211, 36.09219741821289, 40.55183410644531, 47.61287307739258, 33.266685485839844, 43.28641128540039, 40.467899322509766, 38.38005828857422, 30.610992431640625, 32.296974182128906, 36.673011779785156, 45.0240478515625, 42.2933349609375]}, "epoch_1": {"avg_train_loss": 40.05102963086154, "avg_val_loss": 39.374819042918446, "avg_test_loss": 38.22993612289429, "train_losses": [34.8370246887207, 38.04779052734375, 33.50151443481445, 48.279808044433594, 41.4308967590332, 41.50156784057617, 47.080833435058594, 33.56645202636719, 35.31319046020508, 35.25735092163086, 31.044275283813477, 43.87163543701172, 47.30207824707031, 49.476322174072266, 51.04597091674805, 47.6290283203125, 42.61778259277344, 36.423648834228516, 33.91152572631836, 43.3022575378418, 33.2332649230957, 47.543251037597656, 30.20035171508789, 41.78459930419922, 35.33039093017578, 34.0449104309082, 37.44741439819336, 28.593910217285156, 39.096797943115234, 31.33074378967285, 40.90802001953125, 38.083168029785156, 36.185794830322266]}, "epoch_2": {"avg_train_loss": 39.9940891359138, "avg_val_loss": 39.245907584389485, "avg_test_loss": 38.141458892822264, "train_losses": [39.522010803222656, 35.41489028930664, 38.25581741333008, 30.791912078857422, 39.910465240478516, 33.668701171875, 35.23646926879883, 38.405948638916016, 43.12868118286133, 40.84334182739258, 36.690860748291016, 45.4177131652832, 34.97320556640625, 32.098880767822266, 36.85427474975586, 35.97743225097656, 37.59562683105469, 31.071121215820312, 35.3367919921875, 38.36616134643555, 38.86343002319336, 48.71013259887695, 46.36948776245117, 33.217594146728516, 47.464759826660156, 34.5412712097168, 42.546573638916016, 33.45321273803711, 28.74859619140625, 42.79513168334961, 44.9410400390625, 49.58641815185547, 48.27922058105469]}, "epoch_3": {"avg_train_loss": 39.85279607015018, "avg_val_loss": 39.41192630097106, "avg_test_loss": 39.04540567398071, "train_losses": [36.246158599853516, 43.96798324584961, 40.734840393066406, 33.12980270385742, 34.0958137512207, 37.38321304321289, 44.77097702026367, 53.279762268066406, 35.48574447631836, 33.681243896484375, 34.9798583984375, 39.8460693359375, 43.91669845581055, 34.49184036254883, 30.189985275268555, 45.10005569458008, 38.14241409301758, 37.54866027832031, 34.2525634765625, 42.564239501953125, 34.05379104614258, 41.06963348388672, 51.57817840576172, 53.38256072998047, 46.30543518066406, 52.37652587890625, 42.26020812988281, 36.62361526489258, 45.424354553222656, 38.29270935058594, 43.15776824951172, 41.62599563598633, 35.55904769897461]}, "epoch_4": {"avg_train_loss": 39.72760568795985, "avg_val_loss": 39.402041953998605, "avg_test_loss": 38.97248735427856, "train_losses": [46.584571838378906, 40.20802307128906, 34.90897750854492, 36.48543167114258, 39.184600830078125, 38.285404205322266, 40.693626403808594, 36.59144973754883, 42.31553268432617, 49.72709655761719, 36.525569915771484, 35.4376335144043, 40.10023498535156, 39.34524154663086, 45.69697189331055, 41.870548248291016, 31.60906219482422, 30.702865600585938, 53.82754135131836, 51.53834533691406, 39.47951126098633, 34.07577896118164, 39.87468338012695, 42.20710754394531, 50.849334716796875, 53.37385177612305, 38.816524505615234, 24.715532302856445, 40.98659896850586, 43.329139709472656, 48.378353118896484, 42.07957077026367, 41.41889190673828]}, "epoch_5": {"avg_train_loss": 39.756034997972705, "avg_val_loss": 39.46953641975319, "avg_test_loss": 39.34612588882446, "train_losses": [29.200525283813477, 55.55923080444336, 41.25700759887695, 26.383615493774414, 42.69938278198242, 43.04794692993164, 37.450439453125, 70.31851196289062, 46.104122161865234, 30.773681640625, 32.89152526855469, 31.439529418945312, 50.38113021850586, 38.46669006347656, 38.23015213012695, 37.60494613647461, 42.09502410888672, 50.273460388183594, 26.66549301147461, 43.69450378417969, 37.38597869873047, 35.92409896850586, 31.878244400024414, 46.8907356262207, 43.40642166137695, 47.287235260009766, 42.512271881103516, 41.57936096191406, 46.20573043823242, 42.17880630493164, 56.00581741333008, 32.55169677734375, 50.55238723754883]}, "epoch_6": {"avg_train_loss": 39.721443225235696, "avg_val_loss": 39.34627973640358, "avg_test_loss": 39.00108633041382, "train_losses": [41.785797119140625, 48.977657318115234, 38.19207000732422, 45.11652374267578, 34.92263412475586, 47.598148345947266, 33.95214080810547, 33.17795181274414, 39.56767654418945, 37.576812744140625, 39.37813949584961, 55.797733306884766, 47.94438171386719, 43.5864372253418, 40.11759567260742, 42.53316879272461, 42.04518508911133, 36.64810562133789, 35.85268020629883, 35.42892074584961, 45.646236419677734, 44.226463317871094, 31.34848403930664, 49.751953125, 38.93476867675781, 52.38093948364258, 43.32686996459961, 45.97141647338867, 38.032310485839844, 35.43476486206055, 40.281734466552734, 34.917633056640625, 33.57832336425781]}, "epoch_7": {"avg_train_loss": 39.79085879687283, "avg_val_loss": 39.35133788873861, "avg_test_loss": 38.80197477340698, "train_losses": [35.927947998046875, 43.17084884643555, 37.902992248535156, 33.906463623046875, 46.96586227416992, 58.290897369384766, 38.65621566772461, 54.730464935302734, 49.2047233581543, 31.333675384521484, 54.4814567565918, 46.11914825439453, 44.02949523925781, 48.424076080322266, 38.077335357666016, 37.984683990478516, 48.004005432128906, 37.27996063232422, 32.918067932128906, 38.430423736572266, 37.24586868286133, 54.444881439208984, 58.280914306640625, 35.899391174316406, 41.46993637084961, 44.33059310913086, 37.97135925292969, 38.70702362060547, 32.456851959228516, 50.5532341003418, 40.37710189819336, 44.19776153564453, 63.18632125854492]}, "epoch_8": {"avg_train_loss": 39.72533797110206, "avg_val_loss": 39.255893508156575, "avg_test_loss": 38.62981548309326, "train_losses": [40.778926849365234, 40.28611373901367, 54.06970977783203, 46.157981872558594, 44.31165313720703, 40.05470275878906, 41.54253387451172, 37.95356750488281, 29.035049438476562, 33.97702407836914, 34.19678497314453, 38.048484802246094, 35.15968322753906, 35.24885940551758, 44.40137481689453, 28.636146545410156, 28.109540939331055, 29.56987762451172, 43.8984489440918, 44.58604049682617, 29.311622619628906, 40.791526794433594, 47.169376373291016, 40.64482879638672, 40.36143493652344, 33.71906661987305, 38.48438262939453, 50.342628479003906, 42.82062530517578, 31.193613052368164, 38.39474105834961, 39.57417678833008, 47.023311614990234]}, "epoch_9": {"avg_train_loss": 39.767666644746924, "avg_val_loss": 39.08589649724436, "avg_test_loss": 38.41115350723267,