{"config": {"model_params": {"nhid": 128, "nlayers": 3, "nhead": 3, "dropout": 0.4}, "training_params": {"N_EPOCHS": 20, "USE_GPU": true, "PRINT_EVERY_BATCHES": 40, "lr": 0.0001, "BATCH_SIZE": 16, "LOG_TRAIN_LOSS_EVERY_BATCHES": 100, "TRIG_EXPAND": true}, "data": {"training_file": "training_70.hdf5", "train_val_split": "train_val_split_70_15pct.pkl"}, "masking_scheme": {"restrict_to_L": false, "max_segment_ratio_of_total": 0.5}}, "epoch_0": {"avg_train_loss": 27.84996100218197, "avg_val_loss": 27.25293173108782, "avg_test_loss": 27.512142753601076, "train_losses": [29.847497940063477, 33.49775314331055, 25.460857391357422, 29.037879943847656, 33.16152572631836, 30.816591262817383, 24.36054801940918, 28.7203426361084, 28.03827476501465, 23.28179359436035, 25.801349639892578, 29.037269592285156, 29.133983612060547, 22.129852294921875, 23.232894897460938, 28.883150100708008, 25.390262603759766]}, "epoch_1": {"avg_train_loss": 26.08629536453844, "avg_val_loss": 26.502765760316954, "avg_test_loss": 26.506179428100587, "train_losses": [33.141231536865234, 22.02330780029297, 23.52178382873535, 23.976654052734375, 23.89358139038086, 27.505800247192383, 26.077743530273438, 30.94261932373047, 20.980648040771484, 23.848857879638672, 25.668272018432617, 20.9793758392334, 21.560338973999023, 21.456098556518555, 27.369504928588867, 22.95391845703125, 25.27124786376953]}, "epoch_2": {"avg_train_loss": 25.66040178382892, "avg_val_loss": 25.626458712986537, "avg_test_loss": 26.114886474609374, "train_losses": [29.81719970703125, 21.86787223815918, 30.768144607543945, 24.883377075195312, 24.211692810058594, 23.725337982177734, 27.470714569091797, 23.448545455932617, 28.68798065185547, 25.973413467407227, 23.348026275634766, 26.46183967590332, 24.90174102783203, 23.287073135375977, 24.322589874267578, 23.669404983520508, 27.091108322143555]}, "epoch_3": {"avg_train_loss": 25.445613211699396, "avg_val_loss": 25.05398574242225, "avg_test_loss": 24.723772239685058, "train_losses": [26.991539001464844, 29.098695755004883, 25.453886032104492, 29.138870239257812, 27.585472106933594, 25.218246459960938, 26.39255142211914, 21.971458435058594, 25.588720321655273, 24.52764129638672, 26.563512802124023, 22.44487762451172, 23.641355514526367, 22.81779670715332, 27.78594207763672, 29.239816665649414, 26.014690399169922]}, "epoch_4": {"avg_train_loss": 25.35569498766314, "avg_val_loss": 25.02630870944851, "avg_test_loss": 25.94062557220459, "train_losses": [23.8304500579834, 26.4351806640625, 28.478670120239258, 25.745670318603516, 21.93683433532715, 22.906330108642578, 23.447437286376953, 24.82859230041504, 23.28708267211914, 22.102867126464844, 24.075698852539062, 24.23668098449707, 25.20366668701172, 24.153507232666016, 20.479007720947266, 26.736005783081055, 25.838470458984375]}, "epoch_5": {"avg_train_loss": 25.231129044716983, "avg_val_loss": 25.040980527689168, "avg_test_loss": 24.996618270874023, "train_losses": [25.72820281982422, 29.0382137298584, 26.606950759887695, 23.36799430847168, 22.241619110107422, 24.54408836364746, 26.66251564025879, 21.940771102905273, 24.236726760864258, 21.453243255615234, 26.777074813842773, 27.136699676513672, 25.378494262695312, 28.06971549987793, 25.42876434326172, 26.604719161987305, 25.593435287475586]}, "epoch_6": {"avg_train_loss": 25.17873077579116, "avg_val_loss": 24.709465603252035, "avg_test_loss": 24.592477798461914, "train_losses": [22.6700382232666, 23.02388572692871, 23.908607482910156, 20.819974899291992, 23.843673706054688, 22.78812026977539, 24.79283905029297, 24.11383819580078, 26.578310012817383, 21.755725860595703, 26.97720718383789, 23.543598175048828, 23.366994857788086, 25.237995147705078, 23.76970863342285, 24.777395248413086, 26.76150131225586]}, "epoch_7": {"avg_train_loss": 25.210729417124703, "avg_val_loss": 24.853432047498096, "avg_test_loss": 24.618793487548828, "train_losses": [27.68733787536621, 22.928163528442383, 25.330163955688477, 23.524538040161133, 25.8026180267334, 24.141193389892578, 26.457048416137695, 24.038908004760742, 26.668861389160156, 21.926546096801758, 24.76261329650879, 20.520267486572266, 21.455303192138672, 25.86714744567871, 26.1558837890625, 29.7954158782959, 21.906282424926758]}, "epoch_8": {"avg_train_loss": 25.25262768286073, "avg_val_loss": 25.086450671101666, "avg_test_loss": 24.928201103210448, "train_losses": [24.99394989013672, 24.29096794128418, 25.105932235717773, 26.51453971862793, 23.499114990234375, 27.424869537353516, 26.26961898803711, 22.463130950927734, 22.900415420532227, 23.925451278686523, 25.50358772277832, 23.688377380371094, 26.659454345703125, 28.545652389526367, 21.232603073120117, 25.579862594604492, 25.408130645751953]}, "epoch_9": {"avg_train_loss": 25.13967157168027, "avg_val_loss": 24.840753974495353, "avg_test_loss": 25.394932556152344, "train_losses": [24.710912704467773, 27.302024841308594, 23.332691192626953, 27.42446517944336, 24.526880264282227, 25.114046096801758, 27.05376434326172, 24.710912704467773, 27.07851791381836, 26.66025161743164, 24.492053985595703, 29.2215633392334, 31.634647369384766, 23.69277572631836, 23.914457321166992, 27.66446876525879, 21.85381507873535]}, "epoch_10": {"avg_train_loss": 25.11857752578474, "avg_val_loss": 25.026233568296327, "avg_test_loss": 24.612686538696288, "train_losses": [23.72882652282715, 27.12082862854004, 22.93617820739746, 26.47649574279785, 21.94596290588379, 21.272878646850586, 25.38465690612793, 31.883010864257812, 26.227256774902344, 23.25491714477539, 25.117542266845703, 22.641220092773438, 25.695756912231445, 27.191015243530273, 22.226961135864258, 25.480451583862305, 24.499832153320312]}, "epoch_11": {"avg_train_loss": 25.109984380400267, "avg_val_loss": 24.851262731866523, "avg_test_loss": 24.288884735107423, "train_losses": [24.27384376525879, 24.211997985839844, 26.0704345703125, 24.1113224029541, 27.737781524658203, 24.416378021240234, 24.813261032104492, 28.2406063079834, 23.441314697265625, 23.380245208740234, 21.920162200927734, 20.705373764038086, 21.498672485351562, 22.08985137939453, 27.90550994873047, 26.54460334777832, 26.239213943481445]}, "epoch_12": {"avg_train_loss": 25.18584395387645, "avg_val_loss": 24.81573955829327, "avg_test_loss": 24.32882614135742, "train_losses": [25.022872924804688, 27.00621795654297, 24.724145889282227, 26.835735321044922, 22.063989639282227, 24.224149703979492, 26.196414947509766, 22.311004638671875, 24.54057502746582, 32.93593978881836, 27.893356323242188, 25.712356567382812, 24.046857833862305, 22.6044864654541, 21.907733917236328, 28.667814254760742, 23.392602920532227]}, "epoch_13": {"avg_train_loss": 25.14358646537389, "avg_val_loss": 24.66546089046604, "avg_test_loss": 24.447745895385744, "train_losses": [23.16732406616211, 22.96846580505371, 28.79710578918457, 26.076995849609375, 23.696338653564453, 24.156692504882812, 25.04799461364746, 24.9139404296875, 23.799928665161133, 29.340238571166992, 25.826326370239258, 25.01740074157715, 22.597692489624023, 21.892126083374023, 21.334373474121094, 27.876596450805664, 25.646570205688477]}}